{
  "transition_matrix": {
    "Premium": {
      "Premium": 0.9596906681256683,
      "Value": 0.06558823529411764,
      "Inactive": 0.009444580440185835
    },
    "Value": {
      "Premium": 0.037884035845551736,
      "Value": 0.8758390092879257,
      "Inactive": 0.01916503795576382
    },
    "Inactive": {
      "Premium": 0.0024252960287799836,
      "Value": 0.05857275541795666,
      "Inactive": 0.9713903816040503
    }
  },
  "state_revenues": {
    "Premium": 41.570113116866445,
    "Value": 15.608956899777853,
    "Inactive": 6.5018399326031995
  },
  "state_durations": {
    "Premium": 23.910361293493906,
    "Value": 7.975269373967502,
    "Inactive": 33.5207700979967
  },
  "intervention_effects": {
    "Premium": {
      "Premium": 1.2,
      "Value": 0.7,
      "Inactive": 0.5
    },
    "Value": {
      "Premium": 1.5,
      "Value": 1.1,
      "Inactive": 0.6
    },
    "Inactive": {
      "Premium": 2.0,
      "Value": 2.0,
      "Inactive": 0.8
    }
  },
  "baseline_simulation": {
    "Premium": {
      "0": 0.0016,
      "1": 0.011009889104365752,
      "2": 0.02102283873465715,
      "3": 0.03146519714316037,
      "4": 0.04219317459650262,
      "5": 0.053088133435805415,
      "6": 0.0640526059683779,
      "7": 0.07500692829807955,
      "8": 0.08588639538047838,
      "9": 0.09663885713132475,
      "10": 0.1072226877272785,
      "11": 0.11760507065879824,
      "12": 0.12776055091659344
    },
    "Value": {
      "0": 0.0008,
      "1": 0.01988032752945321,
      "2": 0.036402091182716034,
      "3": 0.050743288447968035,
      "4": 0.06322448934786258,
      "5": 0.07411762627708061,
      "6": 0.08365343586202109,
      "7": 0.0920277596672192,
      "8": 0.09940687883521349,
      "9": 0.10593203087914985,
      "10": 0.11172323410299911,
      "11": 0.11688252587015721,
      "12": 0.12149670464177595
    },
    "Inactive": {
      "0": 0.9976,
      "1": 0.9691097833661811,
      "2": 0.9425750700826269,
      "3": 0.9177915144088716,
      "4": 0.8945823360556349,
      "5": 0.872794240287114,
      "6": 0.8522939581696011,
      "7": 0.8329653120347011,
      "8": 0.8147067257843082,
      "9": 0.7974291119895255,
      "10": 0.7810540781697225,
      "11": 0.7655124034710447,
      "12": 0.7507427444416307
    },
    "Revenue": {
      "0": 6.565234863271761,
      "1": 7.068990199600014,
      "2": 7.57059268670962,
      "3": 8.067395125010975,
      "4": 8.557274525545541,
      "5": 9.038546990607355,
      "6": 9.509895841967715,
      "7": 9.970310956389103,
      "8": 10.419037581511507,
      "9": 10.855533170486257,
      "10": 11.279430998301402,
      "11": 11.690509512838858,
      "12": 12.088666534617198
    },
    "Intervention": {
      "0": 0,
      "1": 0,
      "2": 0,
      "3": 0,
      "4": 0,
      "5": 0,
      "6": 0,
      "7": 0,
      "8": 0,
      "9": 0,
      "10": 0,
      "11": 0,
      "12": 0
    },
    "Cumulative_Revenue": {
      "0": 6.565234863271761,
      "1": 13.634225062871774,
      "2": 21.204817749581395,
      "3": 29.27221287459237,
      "4": 37.82948740013791,
      "5": 46.868034390745265,
      "6": 56.377930232712984,
      "7": 66.34824118910208,
      "8": 76.76727877061359,
      "9": 87.62281194109984,
      "10": 98.90224293940125,
      "11": 110.5927524522401,
      "12": 122.68141898685731
    }
  },
  "regular_intervention_simulation": {
    "Premium": {
      "0": 0.0016,
      "1": 0.011009889104365752,
      "2": 0.02102283873465715,
      "3": 0.05001268377214775,
      "4": 0.06172000873128698,
      "5": 0.07329245255781115,
      "6": 0.11286283191504859,
      "7": 0.12501371545181075,
      "8": 0.13656194180742628,
      "9": 0.1830266711531701,
      "10": 0.19422895916052552,
      "11": 0.2045851431608498,
      "12": 0.25399442718453286
    },
    "Value": {
      "0": 0.0008,
      "1": 0.01988032752945321,
      "2": 0.036402091182716034,
      "3": 0.08462347551699875,
      "4": 0.09259595411683458,
      "5": 0.09964491841152177,
      "6": 0.1482210333633632,
      "7": 0.14825481835456636,
      "8": 0.14851121344043547,
      "9": 0.19350362108072927,
      "10": 0.18836062936523712,
      "11": 0.18416445783336852,
      "12": 0.22367033224422872
    },
    "Inactive": {
      "0": 0.9976,
      "1": 0.9691097833661811,
      "2": 0.9425750700826269,
      "3": 0.8653638407108536,
      "4": 0.8456840371518786,
      "5": 0.827062629030667,
      "6": 0.7389161347215881,
      "7": 0.7267314661936229,
      "8": 0.7149268447521383,
      "9": 0.6234697077661007,
      "10": 0.6174104114742375,
      "11": 0.6112503990057818,
      "12": 0.5223352405712384
    },
    "Revenue": {
      "0": 6.565234863271761,
      "1": 7.068990199600014,
      "2": 7.57059268670962,
      "3": 9.026374279505195,
      "4": 9.509536244556234,
      "5": 9.979557608403478,
      "6": 11.809610842385354,
      "7": 12.236029029549318,
      "8": 12.64334040621857,
      "9": 14.682529347362927,
      "10": 15.028536416379465,
      "11": 15.353494881094278,
      "12": 17.445977770225863
    },
    "Intervention": {
      "0": 0,
      "1": 0,
      "2": 0,
      "3": 1,
      "4": 0,
      "5": 0,
      "6": 1,
      "7": 0,
      "8": 0,
      "9": 1,
      "10": 0,
      "11": 0,
      "12": 1
    },
    "Cumulative_Revenue": {
      "0": 6.565234863271761,
      "1": 13.634225062871774,
      "2": 21.204817749581395,
      "3": 30.23119202908659,
      "4": 39.74072827364282,
      "5": 49.7202858820463,
      "6": 61.52989672443165,
      "7": 73.76592575398097,
      "8": 86.40926616019954,
      "9": 101.09179550756247,
      "10": 116.12033192394193,
      "11": 131.4738268050362,
      "12": 148.91980457526205
    }
  },
  "strategy_comparison": {
    "No Interventions": {
      "total_revenue": 122.68141898685731,
      "final_distribution": {
        "Premium": 0.12776055091659344,
        "Value": 0.12149670464177595,
        "Inactive": 0.7507427444416307
      },
      "interventions": [],
      "intervention_count": 0
    },
    "Regular (Quarterly)": {
      "total_revenue": 148.91980457526205,
      "final_distribution": {
        "Premium": 0.25399442718453286,
        "Value": 0.22367033224422872,
        "Inactive": 0.5223352405712384
      },
      "interventions": [
        3,
        6,
        9,
        12
      ],
      "intervention_count": 4
    },
    "Front-loaded": {
      "total_revenue": 165.13434666611892,
      "final_distribution": {
        "Premium": 0.22103544865601962,
        "Value": 0.1679320738472165,
        "Inactive": 0.6110324774967639
      },
      "interventions": [
        1,
        2,
        3,
        4
      ],
      "intervention_count": 4
    },
    "Back-loaded": {
      "total_revenue": 138.23341039276096,
      "final_distribution": {
        "Premium": 0.2715399055523354,
        "Value": 0.26857674387641756,
        "Inactive": 0.459883350571247
      },
      "interventions": [
        9,
        10,
        11,
        12
      ],
      "intervention_count": 4
    }
  }
}