{
  "transition_matrix": {
    "Inactive": {
      "Inactive": 0.25,
      "Premium": 0.0011,
      "Value": 0.0067
    },
    "Premium": {
      "Inactive": 0.3333,
      "Premium": 0.9376,
      "Value": 0.6359
    },
    "Value": {
      "Inactive": 0.4167,
      "Premium": 0.0613,
      "Value": 0.3574
    }
  },
  "model_metrics": {
    "Value \u2192 Premium": {
      "test_r2": -0.0960027564182857,
      "test_mse": 0.13744283288718676,
      "train_r2": 0.23467519050425945,
      "train_mse": 0.10405607716247259
    },
    "Inactive \u2192 Premium": {
      "test_r2": -0.23822853839792657,
      "test_mse": 0.0017149946765386084,
      "train_r2": 0.44343615404357106,
      "train_mse": 0.000990911706974503
    },
    "Inactive \u2192 Value": {
      "test_r2": -0.27196694819654366,
      "test_mse": 0.0035185536952772657,
      "train_r2": 0.4434502137694546,
      "train_mse": 0.000990886674901227
    },
    "Premium \u2192 Premium": {
      "test_r2": 0.2895453209248643,
      "test_mse": 0.14499075083166038,
      "train_r2": 0.5199561060673845,
      "train_mse": 0.10186733130475496
    }
  },
  "recommendations": {
    "Value \u2192 Premium": {
      "top_features": [
        "active_weeks",
        "total_baskets",
        "day_span",
        "total_spend",
        "campaigns_participated"
      ],
      "current_prob": 0.037884035845551736,
      "target_prob": 0.3378840350736781,
      "test_r2": -0.0960027564182857,
      "optimal_values": {
        "total_spend": 5156.776366224524,
        "total_baskets": 276.4839995731786,
        "total_items": 104274.2488,
        "basket_frequency": 0.17514316950824163,
        "unique_stores_visited": 5.4648,
        "total_retail_discount": -559.333936,
        "total_coupon_discount": -17.044616,
        "total_coupon_match_discount": -3.030324,
        "campaigns_participated": 4.613119995549068,
        "coupons_redeemed": 0.8916,
        "top_dept_spend": 1650.29628,
        "active_weeks": 148.77120000000002,
        "day_span": 1232.7747504220588
      }
    },
    "Inactive \u2192 Premium": {
      "top_features": [
        "active_weeks",
        "total_baskets",
        "basket_frequency",
        "total_coupon_match_discount",
        "total_spend"
      ],
      "current_prob": 0.0024252960287799836,
      "target_prob": 0.3024252947811691,
      "test_r2": -0.23822853839792657,
      "optimal_values": {
        "total_spend": 5156.776363157936,
        "total_baskets": 276.4839993101111,
        "total_items": 104274.2488,
        "basket_frequency": 0.34853490660031616,
        "unique_stores_visited": 5.4648,
        "total_retail_discount": -559.333936,
        "total_coupon_discount": -17.044616,
        "total_coupon_match_discount": -6.666712784877339,
        "campaigns_participated": 2.8832,
        "coupons_redeemed": 0.8916,
        "top_dept_spend": 1650.29628,
        "active_weeks": 148.77120000000002,
        "day_span": 619.4848
      }
    },
    "Inactive \u2192 Value": {
      "top_features": [
        "active_weeks",
        "total_items",
        "unique_stores_visited",
        "day_span",
        "coupons_redeemed"
      ],
      "current_prob": 0.05857275541795666,
      "target_prob": 0.026184322744498206,
      "test_r2": -0.27196694819654366,
      "optimal_values": {
        "total_spend": 3222.9852319999995,
        "total_baskets": 110.5936,
        "total_items": 87387.85136582873,
        "basket_frequency": 0.17514316950824163,
        "unique_stores_visited": 4.880712187316078,
        "total_retail_discount": -559.333936,
        "total_coupon_discount": -17.044616,
        "total_coupon_match_discount": -3.030324,
        "campaigns_participated": 2.8832,
        "coupons_redeemed": 0.8338449468566888,
        "top_dept_spend": 1650.29628,
        "active_weeks": 33.52884668350126,
        "day_span": 579.3565165259382
      }
    },
    "Premium \u2192 Premium": {
      "top_features": [
        "active_weeks",
        "total_baskets",
        "unique_stores_visited",
        "total_spend",
        "day_span"
      ],
      "current_prob": 0.9596906681256683,
      "target_prob": 1.0,
      "test_r2": 0.2895453209248643,
      "optimal_values": {
        "total_spend": 3482.8179946855157,
        "total_baskets": 132.88337062788545,
        "total_items": 104274.2488,
        "basket_frequency": 0.17514316950824163,
        "unique_stores_visited": 6.191732041528598,
        "total_retail_discount": -559.333936,
        "total_coupon_discount": -17.044616,
        "total_coupon_match_discount": -3.030324,
        "campaigns_participated": 2.8832,
        "coupons_redeemed": 0.8916,
        "top_dept_spend": 1650.29628,
        "active_weeks": 69.5799589138086,
        "day_span": 669.426836788608
      }
    }
  },
  "aggregated_recommendations": {
    "total_items": 103984.27794556861,
    "total_spend": 5075.869791841648,
    "day_span": 1010.4073646703492,
    "total_baskets": 269.54342377110027,
    "active_weeks": 144.5357039889248,
    "unique_stores_visited": 5.475484201432582,
    "total_coupon_match_discount": -4.187099195779462,
    "campaigns_participated": 3.983813087923685,
    "coupons_redeemed": 0.8906082383070169,
    "basket_frequency": 0.23030098471638397
  }
}